yosys_slang,cva6_cv64a6_imafdch_sv39
Icarus,regress-vlg_multiply_large_iv
Icarus,regress-sv_br_gh661b_iv
Icarus,regress-vlg_pow_ca_unsigned_iv
Yosys,verismith_19
Yosys,verismith_18
Yosys,verismith_34
Yosys,verismith_45
Yosys,verismith_5
Yosys,regress-vlg_pr2722339a_iv
Yosys,verismith_30
Yosys,verismith_36
Yosys,verismith_37
Yosys,verismith_3
Yosys,verismith_8
Yosys,verismith_15
Yosys,verismith_49
Yosys,verismith_13
Yosys,verismith_25
Yosys,verismith_31
Yosys,verismith_10
Yosys,verismith_42
