Yosys,regress-vlg_br_gh330_iv
Yosys,regress-sv_br_gh112e_iv
Yosys,regress-vlg_pr2722339a_iv
Yosys,module_definition
Yosys,regress-sv_br_gh112b_iv
Verilator,uvm_scoreboard_monitor_env
Verilator,assert_test_uvm
Verilator,property_interface_prec_test_uvm
Verilator,uvm_test_0
Verilator,uvm_scoreboard_monitor_agent_env
Verilator,uvm_monitor_env
Verilator,assume_test_uvm
Verilator,uvm_monitor_0
Verilator,property_test_uvm
Verilator,uvm_agent_passive
Verilator,uvm_scoreboard_env
Verilator,uvm_agent_active
Icarus,regress-vlg_pow_ca_unsigned_iv
Icarus,regress-vlg_pow_reg_unsigned_iv
yosys_slang,regress-vlg_pr1867161b_iv
